,u20,u25,u30,u35,u40,u45,u50,u55,u60,u65,u70,u75,u80,u85,u90,u95,u100,u105,u110,u115,u120,u125,u130,u135,u140,u145,u150,u155,u160,u165,u170,u175,u180,u185,u190,u195,u200,u205,u210,u215,u220,u225,u230,u235,u240,u245,u250,v20,v25,v30,v35,v40,v45,v50,v55,v60,v65,v70,v75,v80,v85,v90,v95,v100,v105,v110,v115,v120,v125,v130,v135,v140,v145,v150,v155,v160,v165,v170,v175,v180,v185,v190,v195,v200,v205,v210,v215,v220,v225,v230,v235,v240,v245,v250,macro_u,macro_v,macro_wd_str,macro_ws_str
824,-0.13870748207506978,0.16412776052591038,0.40453717115883325,0.8707180416078693,1.1928129840409039,1.4329458976266585,1.6183909985809173,1.8327210506256444,2.087852053647027,2.2590060083111627,2.412763608350242,2.5490779336786513,2.737238126756382,2.9042025054144327,2.9918950070118937,3.046142547864921,3.22020909049471,3.3585302350125676,3.3669622138082405,3.413494186953101,3.368050097690012,3.3260153852860093,3.254144569165226,3.183227257016709,3.15684589027976,3.076086402977123,2.922474439696022,2.7834286374411965,2.624304227347757,2.4825819625467895,2.3623618849479184,2.197572708993702,2.1150972563435406,2.023237628360021,1.8605287683231495,1.735191656776303,1.6976313806199572,1.7932707394152771,1.6351602931479405,1.6534411119640406,1.6638829359675986,1.7022551936783143,1.6474624435780472,1.7597948368260887,1.8227483123955892,1.8214470853414024,1.8560082763225711,-2.965570806630437,-2.9640388412426573,-2.7072531425687583,-2.4875585537112435,-2.2756187450691003,-2.160634129002027,-2.051445276429691,-1.9320835267103527,-1.7907243473967482,-1.7206711080169779,-1.644813381382341,-1.605041882650303,-1.4501975570963506,-1.3073924366198164,-1.2579482905279864,-1.2282530572318104,-1.0557411931027159,-1.0401723742110027,-1.066329563075623,-1.0474982963749824,-1.1365199389777065,-1.172334406295163,-1.2788077922836103,-1.2126570586955796,-1.2250885241318108,-1.252374466896525,-1.2271759450600834,-1.2474887217771573,-1.266519910208451,-1.3050658720071793,-1.254171886311524,-1.176079766942284,-1.0828809345333683,-0.9553927831373596,-0.8865801990670859,-0.7297208788081706,-0.5988807908724199,-0.43815088538910674,-0.17406983006678223,0.1395088430817939,0.316000492255466,0.4781225092280388,0.7017538807226416,0.7534597149216862,0.840060272185666,0.9930089249845444,0.9400068427827772,1.6575181353768418,0.2802119213620968,W,"(-0.001, 2.235]"
841,-1.2031587243575297,-1.1458416326313383,-0.8077773828628665,-0.5947690304114017,-0.40235639354826525,-0.23717426339704506,-0.15900435283815462,0.02827106706463134,0.22007713932324613,0.22824683501595278,0.32037662466993666,0.44609159692266775,0.5637223030088201,0.5634535505215048,0.6210773504758897,0.6453500375081322,0.6527187486738004,0.7046505561602476,0.6334883061680419,0.6568357011975365,0.5766348518307804,0.4270355335752942,0.2139464031069922,0.12739769100540776,0.039168350805680596,-0.11867962914489283,-0.29957969213929037,-0.41014857468496757,-0.5031235235102836,-0.5578507810877991,-0.5833769991154156,-0.6631306006135826,-0.4619583475667506,-0.38288038077141007,-0.31074288964349517,-0.10885269617703841,0.15754550762720498,0.3407222180064151,0.5844755906130565,0.8628719489818559,1.0836064961306837,1.3909234112709612,1.5237959167144677,1.7381106921819347,1.8681859056924113,1.8689889003258147,1.9324303332029888,-0.14080276442983441,-0.1725137795639733,-0.04240853998263061,0.07833609461346258,0.25813942397110523,0.27879404953688747,0.24433439460128215,0.26882615526633336,0.3032470159686951,0.2645585634892349,0.23206193366835048,0.10644105030603779,0.11894381060501269,0.07165260759651604,0.04796306092487379,-0.08095878696625469,-0.2137302702908359,-0.3764371472470862,-0.5873496612962232,-0.8267549652141684,-1.1103529745872724,-1.3992988574673868,-1.6849986838495288,-1.9200077716993875,-2.178661541348457,-2.4770313575827063,-2.7484889198342692,-2.9774957534313065,-3.1995635156531184,-3.273529596834175,-3.3699934802457214,-3.40679100391587,-3.4163884530819733,-3.4542162678612307,-3.4133714822078716,-3.2723732694167382,-3.08707636853315,-2.9729696638117855,-2.7970580289439373,-2.482695525922872,-2.404401029697024,-2.1860865654244046,-2.0151281704481336,-1.910832850410355,-1.838276157352861,-1.8091469859842433,-1.7869762086019687,0.6671429972143379,0.10186621085278791,W,"(-0.001, 2.235]"
891,-1.453314691249136,-1.208367296398766,-0.837035937977185,-0.3477668337168289,-0.07172792794703131,0.11794510856333762,0.2561124404038351,0.4169980449247177,0.5961015405906016,0.7636603266550184,0.9115623862262492,1.0189022724816912,1.187191793200304,1.3603111403593324,1.4706944410906173,1.5976327713510967,1.798105820154162,2.0060115699517214,2.076067927474453,2.1994701540929897,2.2976686462848743,2.388112879730639,2.378045265412239,2.408593247895694,2.4670845111444306,2.5409148243280235,2.573071143849126,2.591564130799938,2.621391288166828,2.719057977368035,2.772767541380782,2.7975640736659875,2.90370405195012,2.984127356140937,3.0477029545613075,3.1137044616782106,3.2914110305625845,3.5107082590736693,3.538815114563387,3.6983385245997553,3.7931976774765648,4.029056572088006,4.016839129286248,4.161173565291385,4.257369732561381,4.317898655189622,4.33625081506163,-1.9079399755865558,-1.8815229395640625,-1.6081052157671296,-1.3876813300138298,-1.240346592546059,-1.1251661975173777,-1.0274063126354367,-0.8979446442474104,-0.7424812944494645,-0.6872787659506465,-0.5800519336794956,-0.5435851356431991,-0.4052714412782459,-0.25614782320615825,-0.17176068894154461,-0.11412608536185553,0.01806251478729992,0.1033624899354284,0.11021585784547172,0.18308260222678552,0.19837550008716187,0.247806345408093,0.1969304241149743,0.2800062498269855,0.3179609130777137,0.37319201081308595,0.45218756023782136,0.5158610974733819,0.5844760891085201,0.6707542389096375,0.8138706371145923,0.9597642063324714,1.1079159845017494,1.256516601308859,1.3552138771703597,1.5557153198139155,1.7057474467156872,1.8792607410315278,2.0319124621659026,2.3426063251749025,2.4931454712935617,2.679599508193665,2.8158097696727884,2.9038945582089477,2.9829555397825325,3.0319356665001824,2.991983029456916,2.0317234521490803,0.640546126578089,W,"(-0.001, 2.235]"
921,-2.5236937011402008,-2.4231001653112827,-1.974544921735795,-1.7063668501533176,-1.621307060102576,-1.5739481233598411,-1.5696012602795983,-1.5153326200846022,-1.4565288472106523,-1.3962134903122978,-1.355402442679119,-1.3013562542827888,-1.201195080514517,-1.1048917582572138,-1.0254493095891837,-0.8727082114332498,-0.7113877577363183,-0.48996583644876956,-0.3567921675648744,-0.20431236710311929,0.0057127364989648655,0.21872403553014585,0.3300189876880504,0.4955087633700854,0.6625429328413057,0.8936299475601839,1.1597638143638607,1.3449156237499302,1.6022055233868686,1.9112607344413552,2.1294629041528843,2.3466170943683107,2.600532031043124,2.8083009776461276,3.030876053684347,3.2552599223457612,3.538614189168878,3.7462563600865506,3.8776567021066164,4.066214586955424,4.13155255730956,4.459323889834935,4.465151624067728,4.602289347772068,4.664924569361174,4.772747147403946,4.751958017849116,-0.8335998764820096,-0.7688306412299482,-0.5687022512354099,-0.40865376670648423,-0.349564550350999,-0.3403795781660377,-0.3063593144276311,-0.21810727515051775,-0.14338311859730934,-0.13764083562385743,-0.04396422132099875,0.007528241619471743,0.0726401432182846,0.1592563286104527,0.29044977790052195,0.34810952019579533,0.3244055171056379,0.4559098390741334,0.4968799667628736,0.610614377904044,0.7134986645708383,0.8126080341541102,0.854727870070906,0.8716970367101373,0.9465494691819805,1.0401265695955666,1.157687111296036,1.1926277671158072,1.300922083461115,1.360564940900928,1.4587188338550952,1.5224144510221072,1.5452181400206355,1.5144798356025713,1.4587614791363699,1.4850076562406023,1.416708299502363,1.3495092364686239,1.037123678710264,1.0214700384606508,0.897592179684124,0.9469843757408496,0.8273136045395981,0.9042830322064441,0.8123903884973709,0.7137391317753812,0.6914826775186247,1.881536539839976,0.7558461443973639,W,"(-0.001, 2.235]"
943,-0.5651106471749863,-0.41911982995569197,-0.3451987345490064,-0.10839371872087078,0.010506996867107432,0.11074360747714973,0.12341278136839318,0.1902508065366142,0.22128383798844808,0.2851739444707144,0.32397972722370216,0.2787826841416541,0.2915976314893225,0.34595837087361847,0.36307499967404677,0.4013762608412641,0.4442348225651207,0.5568508508522729,0.5355755592590654,0.552677106121183,0.5707211534842482,0.5268058219781793,0.38722450622485827,0.3662531318695921,0.3689183228251318,0.3732883206051172,0.3343443170626479,0.288768426576997,0.31145165502820493,0.42330995964529894,0.48535216902881473,0.5178584141708802,0.6729518694712224,0.8413021913508674,0.9877995261942871,1.1282957260420599,1.420150899545992,1.716818323702343,1.8619294099177308,2.1430828549326373,2.325548117739655,2.640728526561759,2.6958271070161564,2.8877399359002442,3.084163179914822,3.182503533192655,3.2124387601357745,-1.6698363011500876,-1.6893367051881247,-1.4635034415054724,-1.3116500251040368,-1.2245432239998895,-1.0584527337193972,-0.999202032987137,-0.9095869022725425,-0.7669111252892202,-0.7849232314047905,-0.7632630605849791,-0.8302534955145209,-0.7656003168507128,-0.6779919933749694,-0.630990500879038,-0.5927135836398705,-0.4485976296955796,-0.37513621876536885,-0.3412228511946509,-0.2977362832360817,-0.22330752384365127,-0.13528582164777614,-0.19829953388393262,-0.04499112682145334,-0.009110995995498694,0.10060320956495472,0.24791261316472513,0.44389654649592813,0.541089357147094,0.8033416506696236,1.0719531622607592,1.37180726275596,1.6766337914437532,2.009060493677128,2.3002124507294672,2.666546722702164,3.0314687178505695,3.4403007594277906,3.858213169532582,4.393755934524918,4.68071872422081,5.010853590068836,5.234396909484589,5.350449642645556,5.5924941343137125,5.646065201707408,5.672633572439258,2.1547077186955064,0.17291204608657873,W,"(-0.001, 2.235]"
944,-0.7873175083868844,-0.6107358675520764,-0.2775909453595169,-0.038283962216906,0.16894825691403081,0.32886278624572807,0.4356425678596487,0.6270107616101273,0.9025872846861702,0.9642878023981796,1.0298275479066632,1.174374175288679,1.3611222037189217,1.4460855945652966,1.476621544629623,1.49501828496176,1.5866129197999879,1.6477944579990593,1.6634192596344688,1.6522680437434705,1.556651371700605,1.4904479417046215,1.4737353576311136,1.4107442964440935,1.3876285264216532,1.251289501305651,1.0931140868971054,0.9356559995945641,0.7541194411462824,0.4931090018278521,0.3012370748226134,0.08226195941775227,-0.1213295097311402,-0.35804571001321595,-0.6888417464665997,-0.885986154103648,-1.137128416845627,-1.2644225263855322,-1.5683011432827039,-1.7487387705509851,-1.911662224392022,-2.0715904502409686,-2.1534798321630957,-2.097457600044639,-2.142633643473517,-2.183580468445407,-2.1633136088099976,-1.1217300591057753,-1.1014158797996454,-0.8994648750420766,-0.7023966022020387,-0.43211992996279003,-0.4333841316877014,-0.35095968787277165,-0.2584717404422552,-0.2073535395433912,-0.14182222908594744,-0.10895658867009006,-0.05455562820964843,0.04834682938880164,0.1146346837637986,0.1614890743123234,0.1570488857485257,0.15716079207285505,0.09713068011100345,0.02458646470361847,-0.028909303707941536,-0.2134443797235286,-0.37053950866809426,-0.4880003190980968,-0.5922722119782575,-0.6876714008240978,-0.848290542899099,-0.9721954785211908,-1.245810580024671,-1.3996586807027085,-1.715244948816431,-1.937221205734529,-2.1376739995402203,-2.3664013714243266,-2.5869965780683373,-2.815311472550264,-2.991981774549051,-3.216601620089915,-3.435659027693275,-3.6552006743209415,-3.8103047804165975,-3.9618914192182975,-4.041565517064003,-4.0187835340456495,-4.052856032934244,-4.224799075583193,-4.123102208331494,-4.157945745922615,1.2989969032721902,0.09186727017032648,W,"(-0.001, 2.235]"
947,1.2482572637956424,1.1984529388052638,1.277951789163792,1.156709110464532,1.0600688677432872,1.0374765864090731,0.9354536314901152,0.9396326804842872,0.849504165525925,0.7388670036587923,0.6654231958464827,0.6073019529796975,0.5136112640831003,0.40386375889386805,0.39641830920458965,0.3956596861667778,0.32051912013666417,0.3637331286219174,0.32879001561324994,0.33953981343081274,0.37024797123659337,0.31347023328265866,0.19791550114328604,0.2643983390012332,0.2997767816644048,0.35674147005620593,0.4637571849716764,0.5287230144773103,0.7307743111899052,1.0055573170349028,1.2197162489083624,1.408664939228907,1.8306680656998227,2.182577643367173,2.550834774301964,2.9464177777266176,3.443027696763025,3.7254635635036637,4.151412180393275,4.57378423224375,4.8385012833443835,5.3136071899561355,5.476937123206607,5.690120491966676,5.867040416467665,5.958163580825187,5.961652399269876,-0.4538349173035261,-0.46357382801663327,-0.45673446666295936,-0.4742535805345054,-0.5299805432392981,-0.5478752406772913,-0.6644633503693447,-0.7157900123988248,-0.7662968935384415,-0.9062206032047886,-0.9922683694208585,-1.1293658345721092,-1.227603658062141,-1.3404815480865993,-1.3085005753349677,-1.411313231088625,-1.5738494578327828,-1.595608673960582,-1.650130114742554,-1.7376464951847295,-1.7495165175968492,-1.8055936658210738,-1.8970900569024471,-1.9970569951814539,-2.0845369618817915,-2.141453679729475,-2.1111940242459104,-2.075216244138088,-2.0985217900147863,-1.9296345793756373,-1.8090900276352224,-1.6736255194577772,-1.5413819731883462,-1.4622878583911803,-1.3327838657621829,-1.156046087612339,-0.952087861432648,-0.8035601539178345,-0.7932059593080534,-0.5502909374377825,-0.5734040672388372,-0.36502227039609325,-0.3817933397704194,-0.25619824465026486,-0.15341874487396634,-0.266449349685439,-0.21077354798098735,1.5617206744739436,0.5617909480712182,W,"(-0.001, 2.235]"
952,-0.1716569408639428,-0.053465998827324945,0.29338591458500307,0.5698319351156478,0.7589763805948992,0.9039756490057957,0.9894083886848,1.1425407387327198,1.297575090543984,1.35690345447457,1.4482300161530217,1.5543879692836757,1.6702689455410304,1.737802086946644,1.8144236597158363,1.8809277458213964,1.9658838237823462,2.0760201163190732,2.093167680017322,2.1599709020984266,2.173143988831301,2.1596234427589502,2.0925686785820625,2.096718472948207,2.103677394838046,2.088383756794318,2.065103670690461,2.048014729040651,2.054020213696755,2.093683781273648,2.1266480489650537,2.126600428517688,2.2787088641193405,2.3586278777858443,2.42619753984183,2.5579746480607364,2.7486534722143237,2.893841388636403,3.0143677226292365,3.194071502275417,3.3149412550990203,3.5405657679586513,3.596649497169257,3.7447821694187002,3.8217504009617853,3.8448093611391485,3.8677917400963713,-0.4909230970237335,-0.48194470505398046,-0.32426145025575526,-0.18741622033785887,-0.058494095514047384,-0.029082733003575,-0.020708292092209923,0.029169003734931476,0.07758839454292987,0.0713583828313471,0.08644597017834732,0.04527500476106061,0.07919612274012522,0.09064487317726977,0.12151580275346241,0.0695616621471693,0.020314352830189897,-0.021147544018002673,-0.11384076103371532,-0.1938523817770852,-0.3154656289926203,-0.43230121405871236,-0.5720106410793662,-0.6747462747359569,-0.7785022668808597,-0.8975168812730252,-0.9820004099286246,-1.0824508122397831,-1.16719048653554,-1.1991160714286622,-1.2130922080906599,-1.2097817011012988,-1.198610843821232,-1.2166184130965014,-1.2120762871429225,-1.127638132725266,-1.0470373104204111,-1.0026378449653497,-0.9755103980937854,-0.8022221482768095,-0.7855002836432528,-0.6627922526360153,-0.5904667836486115,-0.5213334346043865,-0.5063982026693212,-0.5049816553582458,-0.5117032206933656,2.125690334276913,0.33681788796403267,W,"(-0.001, 2.235]"
962,0.5542519376122339,0.6451024135730963,0.6532768958426569,0.6111841388504828,0.5664836617839599,0.5658286916460975,0.49431516602913295,0.5099597631258099,0.5171280651298789,0.4823324541834628,0.39643682714579764,0.31942955593989897,0.29326805496271735,0.2743905794566466,0.21649247836043983,0.19500886653916893,0.17809087258687128,0.21789896724287328,0.22148044701350322,0.16090223518184832,0.13265212306479413,0.08755336710858774,0.06720452814511724,0.0806939886251472,0.12456675036512621,0.12148130287061765,0.12905494431367615,0.06413564228500768,0.08375390445867126,0.0819083414102657,0.0671791684679075,0.046528272247043034,0.010054020140899844,0.01705899824331425,-0.055028560751512856,-0.08709596191961211,-0.10171847109349308,-0.06816150502533525,-0.1976870266654851,-0.19901441089300942,-0.27804575505642415,-0.25483763201857634,-0.2951767189005077,-0.20248320358500305,-0.13472556350572962,-0.07091800128258896,-0.08161361121179933,-1.4220099218557873,-1.4092903823958416,-1.2543636617211993,-1.1471505436656462,-1.0534303162000977,-0.9999381920775621,-0.9498982151385507,-0.8885867830791523,-0.8440980626623662,-0.8615437500227578,-0.8746581737096752,-0.8655897465339146,-0.8315146424558328,-0.7821559616401532,-0.6981942023231373,-0.6444089736186238,-0.5779309704226443,-0.49692739048933454,-0.4080712795274901,-0.317558261007008,-0.22541882268605917,-0.1347678818183251,-0.10001549073081728,0.008271596805979886,0.07944271602744246,0.18583730090173312,0.36243192221551457,0.41624455114654735,0.4770454867712153,0.49627921357555893,0.5683320383615302,0.6467857599272304,0.6734774849557357,0.7226701182289506,0.7250583971990086,0.7389396856435133,0.7047925572159888,0.7279455657502512,0.6315022075920829,0.6471179439982104,0.5846031706350763,0.62858100610064,0.6163251565155581,0.6263638017649802,0.6116597088540563,0.6379822833458908,0.6599714060098769,1.8116126259594538,0.4092082384373954,W,"(-0.001, 2.235]"
984,-2.1525789919916276,-1.8820864781883566,-1.4809525464232358,-0.9716525339065472,-0.6585132785782966,-0.4442186553173437,-0.2866238826657037,-0.09236120183393037,0.16673536921226972,0.34813203976094265,0.4996517498681543,0.6228652979765474,0.8391093208594622,1.027511343016962,1.1129746963381697,1.2220215891902333,1.4155862786811468,1.5937681218911992,1.653094504317095,1.730486079455762,1.766666811010566,1.8099818304576294,1.7895463676522763,1.7586631617837396,1.7808827819285549,1.7591625045334283,1.6783377367590955,1.602150694340855,1.4995493580581298,1.4167118577717117,1.333483040490088,1.2236634737451064,1.1307086527009593,1.0321645606517702,0.8792970153131066,0.7801908357450582,0.7336633412517726,0.8270868704452479,0.6485700476163272,0.6346864810308857,0.5997777925904462,0.6400866640309957,0.5702942880764716,0.6790013025160473,0.7300069165517424,0.7586307307542901,0.7870287711743318,-1.4112087542465521,-1.385931033683447,-1.051301743102142,-0.7734618153852764,-0.5189394051755034,-0.3836738060504983,-0.2234786972351368,-0.04866056198778157,0.1389253865188298,0.24541480613875866,0.36614067497784175,0.43360050404462314,0.6202170992797971,0.8107054936965254,0.8926334250420007,0.9832608512188732,1.1561189300138905,1.2204931076983772,1.2263944796307822,1.2937517674938648,1.262730494570925,1.2764548898982166,1.2086504118411892,1.2930774438391484,1.31396455551341,1.3359575551512533,1.3569503680170711,1.325322886758028,1.3443082860642002,1.3026023999438503,1.3411594188619043,1.3951319278509287,1.4334827361105043,1.4999491715820146,1.5109241174050485,1.613222738398868,1.6511874839437044,1.7414358527150027,1.8448006976262619,2.0468595654961286,2.165976896435392,2.2800948658136817,2.4349568726072346,2.4715716522558426,2.482829097752138,2.5927325497338365,2.5528571191115494,1.7245866954074973,0.6586182776482234,W,"(-0.001, 2.235]"
1062,-1.0818398557564137,-0.977928584063064,-0.6213340661709514,-0.29294281437134373,-0.12124650091267597,0.0003878494636060381,0.06287353605773038,0.1706771947108967,0.24207612700199377,0.31242559257551594,0.41606899573744016,0.5012301424710008,0.5851099636024966,0.6651544429790519,0.7773704659724912,0.8944684734631476,1.0191901425837182,1.203347931644509,1.2480696752714078,1.3924303608598336,1.5151515315557855,1.5966475228353678,1.5469189608895801,1.6296679763184772,1.6939125279140974,1.8188610075164533,1.9428657317337983,2.055431414452137,2.2326062991053943,2.514786467790154,2.723532549593905,2.898668669884266,3.285895239045338,3.5840609239113563,3.921232700282957,4.254094876788621,4.733388261073451,5.073165695639455,5.431575241252133,5.830657852620012,6.1128809043767545,6.608322739263044,6.721627366071233,6.928341644766334,7.077441491975413,7.162081676209445,7.179686446186588,-1.3175481634880764,-1.3048892244594006,-1.1625432682327603,-1.0494201692055176,-1.0203049330734064,-0.9817437292744078,-1.0148332309459267,-0.9824151211416612,-0.9214083505319874,-0.967596821574273,-0.9313574582743511,-0.9944363701734051,-0.9796679366482959,-0.9675791842401362,-0.9185635244865704,-0.9703206953588634,-1.0215242886343945,-1.0027200211396607,-1.0762081155387087,-1.1143535651397656,-1.145496302216705,-1.1765640755317754,-1.284221018506417,-1.340347315662727,-1.3923770537674778,-1.4270590053407424,-1.4193605195240542,-1.367999804063475,-1.3497113436483112,-1.188468116073655,-1.0329734104163801,-0.8745048684154173,-0.6915433277864844,-0.5627721521760503,-0.42087444429641474,-0.16835409987156114,0.07736188613481643,0.2723792544185195,0.3975821941175357,0.7630836415906428,0.8698432889532846,1.1212967412366022,1.2007148658155014,1.3464114082781178,1.4605560020540402,1.4017199720761713,1.3919582690787777,2.188045078711409,0.14025994632686412,W,"(-0.001, 2.235]"
1094,0.47961844711331736,0.5912894267003246,0.8981589358969257,1.0171205422662553,1.1215322269733594,1.208537836787535,1.256716929269568,1.3844381533167942,1.554410035265576,1.5640469447779148,1.5796513542294655,1.6916830997868217,1.80847804285413,1.8546748325600255,1.888482694864515,1.9148730953683586,1.9918955699721286,2.0616979424038044,2.113288126665589,2.132564021358954,2.1048223786861326,2.111137456474741,2.168215802905146,2.202094228322859,2.2464918127573865,2.2327641090865216,2.243364085478797,2.206276991156084,2.19155895038938,2.1092616626896543,2.0568662242483997,1.9886651735492196,1.9399830154804238,1.8470079802376782,1.6877622815795688,1.6207346343831928,1.507208565219453,1.4141804784872942,1.2434572123052785,1.1454673048508681,1.025756905667178,0.9707189337039583,0.9202391169669148,0.9700274811193541,0.9173963498031306,0.9021884027393172,0.891273859380207,-1.0324435847476376,-0.9932128225695736,-0.8834564632914454,-0.7652587335597496,-0.6167140181915922,-0.6837092561633993,-0.6731198496853361,-0.6411130366544238,-0.6650816897433995,-0.6549403679861516,-0.6498620705057414,-0.6038415721663548,-0.5784575654696047,-0.5794476448425967,-0.5171942923883486,-0.5518625929799534,-0.6396406522529805,-0.6702046513995223,-0.7184219955160609,-0.7454391583675797,-0.8605794267705025,-0.9689564545017229,-1.0230843255021838,-1.1502187875378858,-1.2093544299231183,-1.3249984516331454,-1.3750301293424192,-1.5935242102603602,-1.7021742814205205,-1.9649180593406754,-2.147689280379952,-2.337874603129874,-2.559426110375246,-2.8124493180826713,-3.064261266321311,-3.2797828404009217,-3.5465231242880546,-3.837756525669868,-4.229629862750745,-4.492033759799078,-4.756983023413781,-4.882288835144811,-4.990686779286211,-5.01532988906019,-5.22466223491145,-5.219990229477185,-5.25275666002134,2.0800768539027468,0.06890707327018464,W,"(-0.001, 2.235]"
1095,-0.9194220266843747,-0.8835431378776173,-0.858916676877004,-0.9093881150185705,-0.9430016409210618,-0.9427270903313216,-1.0434611399885103,-1.0269904791288136,-0.9988743954282873,-1.0507739544344528,-1.143058313175536,-1.2588917121804073,-1.287439655294503,-1.329674051344501,-1.4283062100127273,-1.4674524460871377,-1.5567326993278323,-1.5642561594728894,-1.6070605510994147,-1.722471375761704,-1.8081276151371952,-1.9385900996974037,-2.060604892509044,-2.1269696764466604,-2.1488370956883296,-2.2643990267581042,-2.3912475559226607,-2.5402233845535136,-2.6250969503658785,-2.7333813780079232,-2.829717121671324,-2.9313926560407335,-3.048834660363503,-3.1145667831133332,-3.2613557820546673,-3.3134427908272723,-3.3682327496122326,-3.3405894384461945,-3.485486528337465,-3.4963077500459585,-3.5680156418485813,-3.5802918224798734,-3.5928052729322912,-3.475691952544813,-3.371900690493713,-3.3055402118542654,-3.2866409334344437,0.3665039739446403,0.35265045653946414,0.5784891898689692,0.7351544578180533,0.9203880445597705,1.0420174072701114,1.1356083713458256,1.2372095806590608,1.3364018053210822,1.336364785027071,1.3086819026887475,1.2603655185833662,1.3014401367308812,1.357849922495738,1.4052385613959777,1.4691932262052363,1.5484487608286346,1.5826950295290743,1.63942723587988,1.665021002898719,1.7127997092218534,1.7536930050968378,1.7155314988492352,1.817941534615693,1.8265450352674328,1.8920568604998151,1.9693195261660716,1.9848980347514236,1.9929699285458318,2.0207966546073983,2.0662165349999153,2.1501166366086526,2.1774725552930927,2.252156492842687,2.3068573184467276,2.374414357524006,2.41615720490144,2.535295927337181,2.589191231216521,2.704662012158821,2.739789838860183,2.8457229768058174,2.9283496071765804,2.929664921134818,2.9613725742732933,3.019697147912427,3.0882026997282646,1.94759450139495,0.08754078718655967,W,"(-0.001, 2.235]"
1105,-0.9681100889552994,-0.9370748831041995,-0.6453679372038126,-0.488150438232986,-0.3561830711551002,-0.2414797599206473,-0.2238137500774151,-0.09113063764954177,0.04374553835056716,0.04379346313504051,0.08595573170173143,0.11121116660888042,0.1784775292916052,0.17140073110691656,0.17535322344574134,0.19502434206393904,0.1540965491561037,0.18157278728727366,0.12654924497692033,0.10199711712818083,0.036770260116902875,-0.10540728014170142,-0.3050281588352446,-0.392607953751809,-0.4627954527239728,-0.6153026858074515,-0.7867723428817364,-0.9068023706296469,-1.0055807445004161,-1.0724188439195128,-1.1200589258095182,-1.1991525562508638,-1.1123846994916695,-1.0832531660740026,-1.0741977180009892,-0.9368974638976351,-0.7681925636690945,-0.6278116435649856,-0.4910829496678142,-0.2992704807727913,-0.16614761458098037,0.03182921279720752,0.1329906103947236,0.31554199212316814,0.44896339041644495,0.47881431052740897,0.5303861581281657,1.6382341459919973,1.6133096106243296,1.8178757480568575,1.9747580307567643,2.1770027476572342,2.2738057359720103,2.3125912147014867,2.3897600997319315,2.474870143260383,2.465402072434445,2.437306835580102,2.3178313918832387,2.340591664838607,2.336758389288868,2.329976256201581,2.282739783246892,2.231014093313166,2.1373793542901716,2.022136993690679,1.8678618218870295,1.711636071093735,1.5419668391002013,1.3312409860380234,1.221120460566985,1.0457039331462004,0.8838403855947119,0.7077279808978569,0.5733040541575689,0.42954974100216914,0.42689424048110425,0.3908561181963828,0.4103257122716215,0.424030940918795,0.43850958897162995,0.5123135078027636,0.6511105603375862,0.8186831953648896,0.974523695525195,1.1528283143965825,1.4252106178743464,1.5276278376773234,1.7177148147730825,1.874083085326968,1.9351122479136356,2.011502158031265,2.0336169352011098,2.094346415958766,1.8526512375121102,0.46165461958899345,W,"(-0.001, 2.235]"
1118,-1.4018502242920299,-1.3364981963456888,-0.9041296029282906,-0.6363329748727002,-0.43642885493767913,-0.27895857107722666,-0.19818533147252104,-0.019960884571232462,0.16784429672986878,0.2031630135504754,0.3052269020252494,0.4286438790884386,0.563086656009105,0.5975839365079585,0.6697008591535125,0.7364877835174486,0.7812977065548177,0.8707167274703158,0.8521782480480251,0.9100422302843727,0.89962424370996,0.8317535662054087,0.6864199127431672,0.6474712481806124,0.6098457047445178,0.5235186043574327,0.42665655036374783,0.3781569020134139,0.34224439635105686,0.34912197372368947,0.3640429932453735,0.3382778432453417,0.5338632929912208,0.6184876258074867,0.7061328572492789,0.9102208192373178,1.1619141602432181,1.3360238447074693,1.5520114729838301,1.7968638273645121,1.9779694863048745,2.2689376302970734,2.37853758406224,2.5704769239255514,2.677806569213513,2.694274356048542,2.742005108663255,0.6643571627886726,0.6572700215189884,0.8270036391274806,0.9756147869198875,1.1542446281610625,1.185734328946356,1.1845717205192547,1.2393587901588463,1.294977262244873,1.2830607932340081,1.2842162682706895,1.1938993966107647,1.2242818008822782,1.2111023436874406,1.2161280905515692,1.1309815321001824,1.016525226985184,0.9070073107002328,0.7395758512894228,0.5629022730867339,0.34603332483501603,0.12175552678827772,-0.10831856182490451,-0.3068179631447907,-0.511894971239907,-0.7441695953583412,-0.9715705139913835,-1.172329032265568,-1.343447765211319,-1.4056994372025367,-1.486061748177339,-1.526126914356889,-1.5553915810335308,-1.6197846392285795,-1.615872136085689,-1.5166416885638223,-1.400142197919187,-1.3403183695640002,-1.2779258788853052,-1.0546730040849748,-1.020126124868626,-0.855046564198469,-0.7459977306960015,-0.6584570683330968,-0.6353021919094184,-0.6405835842161256,-0.6221918397087789,1.2899655403142116,0.513568279964028,W,"(-0.001, 2.235]"
1141,-2.214421423176444,-1.9431381105329137,-1.512181115560261,-1.0140769589649956,-0.6128071991910975,-0.32405556256762846,-0.11212827361400546,0.18242507596097113,0.6082665236018858,0.7795677611656364,0.952667054275766,1.1334470946284112,1.4244480860738573,1.5919258412558,1.6352814634795427,1.6697881079354735,1.7865147719021905,1.8470746155648037,1.8206522363960405,1.7829617550201107,1.6189513136923406,1.4598397352585026,1.3151961614818948,1.108976019182343,0.9854153264047154,0.6792634463122118,0.277681737231954,-0.03751958876435779,-0.457442312960219,-0.9413969729938891,-1.3124683459344997,-1.724110298286682,-2.124404150502582,-2.5378217019018416,-3.0649158143053645,-3.406720437525001,-3.798352755803414,-3.9259843613855008,-4.358899187890683,-4.605915500113762,-4.781031958475745,-5.052047832780788,-5.152118745749735,-5.078163052448423,-5.086356621654478,-5.153610017221777,-5.083673459002717,0.1200360377105123,0.11194477182322382,0.4915062277581095,0.8267085389735502,1.2774860335447096,1.4267692363539515,1.6407384239612468,1.8460856329771402,2.0435294771470414,2.203873446085446,2.28575690718427,2.326998728240751,2.5438871665046054,2.7206325996008243,2.7348041938302226,2.787191355522372,2.9412026465599626,2.8477988558608103,2.744748878529937,2.6530219135229336,2.391773544487734,2.1844814275259212,1.963896232395076,1.9195227124704073,1.772243323976468,1.5739034314189795,1.3370424523982398,1.0337101250068788,0.8317307535924447,0.5203456722423039,0.2958278558498546,0.13656541633389718,-0.03969464205878026,-0.1483040569718792,-0.26839094818264364,-0.31247260550293365,-0.38490286370661186,-0.4026955538950254,-0.25233034294157886,-0.1516324720425617,-0.04941673537801705,-0.016031397596505403,0.24129176681600395,0.2002442457262248,0.14075241515947612,0.36778498961084694,0.3473079069235574,1.2040201091396145,0.45031123117089145,W,"(-0.001, 2.235]"
1155,-1.2327980348129248,-1.215669607196106,-0.9949243770353604,-0.8804378901948873,-0.8327361617185769,-0.7771952942347689,-0.8077292674447998,-0.7482360591502468,-0.7387229915420015,-0.7602962388527095,-0.7452738745452541,-0.7468920477881049,-0.742865087371051,-0.7645567397231154,-0.7318360079320421,-0.6795664041475602,-0.6775647398066811,-0.5746415113366838,-0.5957948250706879,-0.5413110424089496,-0.48939662096887826,-0.5164092349827332,-0.6537741453659187,-0.6229654676717198,-0.6051073738426362,-0.568887167226718,-0.5255256812264548,-0.48357915424419673,-0.3491396556727109,-0.12329752502415303,0.04522424166435979,0.18188525162409874,0.5472397334164816,0.8377358754599911,1.1515838502995157,1.5018888153534773,1.975925281610949,2.301809406852029,2.6799942077276393,3.09252085432031,3.371280632667297,3.8549884084765207,3.999470160746947,4.2319349389166,4.422440852422941,4.516621120539155,4.545559124878967,-0.552964217617554,-0.5658211969776445,-0.4441813618121109,-0.3619071106647658,-0.3213958436693525,-0.27250247460731547,-0.31910791052914345,-0.299623651082209,-0.25361749374282416,-0.3334755365495887,-0.3529929883281655,-0.4707662692365586,-0.4878946962561703,-0.5147467322304813,-0.48339591403810456,-0.5440614933897536,-0.6245064600031869,-0.6382709974428469,-0.7133935057412293,-0.7962767577184433,-0.835736091515074,-0.8955411311354924,-1.0290259566542628,-1.0949024652255859,-1.186689851422663,-1.2458472502209736,-1.2650436960301281,-1.23337449582645,-1.2497285934154934,-1.073996754084181,-0.9359330208084273,-0.7706828768247327,-0.5985338364239046,-0.4623337688816389,-0.29007391299528473,-0.03033314909961904,0.24281005417376011,0.4798364194745961,0.6388075516738478,1.0219096460470882,1.1284126872924631,1.408812521204631,1.5021047424026677,1.6441947394058272,1.7853704455321378,1.7294807756598622,1.7693526751481816,1.3503192240613533,0.24933635198704507,W,"(-0.001, 2.235]"
1689,-2.3081135841594183,-2.2328593668586887,-2.030022026155075,-1.932073493844336,-1.8847178059849412,-1.840620731550267,-1.8834204393189617,-1.8242572440460174,-1.7296115794461446,-1.729457759686091,-1.7583938442529137,-1.791770910233275,-1.737946184541049,-1.721173884839617,-1.7617929724546277,-1.7394537791159914,-1.73881506054592,-1.67509694376517,-1.6720473290945774,-1.7096223216384105,-1.727841056113137,-1.771933584481891,-1.8399559325426331,-1.8681189841213,-1.8548203444046978,-1.9105250600070285,-1.977634718098125,-2.065142390081707,-2.1080096044640504,-2.1640626228229696,-2.220594022665505,-2.2854700898037503,-2.350913961794517,-2.400867136425318,-2.512395899977462,-2.5313506465975113,-2.5485121141577665,-2.494661625395274,-2.614891663702921,-2.6110485516607698,-2.6689057180949964,-2.62394037740383,-2.646239351380511,-2.5226927637825165,-2.4421872458478857,-2.378245609039838,-2.3592593838118328,-0.0200428654269329,-0.013218781212972264,0.23786280508999624,0.4298262222240128,0.63443022059703,0.7292861358083136,0.8284942166572633,0.948478511215586,1.062449729824508,1.0884928968858003,1.1130299960184935,1.1056222476174127,1.1858680054297888,1.2744667157669185,1.343336983515085,1.4114285032086962,1.4709420721587283,1.513686921625797,1.5420659265488639,1.5735023098539438,1.5901394407272826,1.6085715835070196,1.5632788563977997,1.6196506989775052,1.620749075314742,1.6523836687732312,1.6860887693940942,1.6480386702863132,1.6513343924309827,1.6296933985068756,1.6408927309852785,1.6780201290484977,1.662385137092744,1.6721074011722072,1.6624776912137378,1.6965386946899987,1.6792643730719645,1.720467912298224,1.6688050244001364,1.7379101138674393,1.7313618602610792,1.8141990409077322,1.8649695361738308,1.8821596300735908,1.857025429565402,1.9001489913201093,1.9351615302404759,1.4249275894100952,0.24588755653073857,W,"(-0.001, 2.235]"
1743,-1.1892561531474,-1.10609345949881,-1.0093123427949013,-0.9441276091265607,-0.9392093828711436,-0.917701233502755,-0.9848966118034959,-0.9619919816759932,-0.9412019504297442,-0.9420332967362679,-0.9923449741819983,-1.0860406299143737,-1.0904874338670316,-1.0843518295821255,-1.136230715361001,-1.120145532176978,-1.1339678729017253,-1.0673886470199756,-1.0668447808021897,-1.110349667696334,-1.1043069186464045,-1.1422623798224247,-1.2177251739278727,-1.2282011683968816,-1.1982110138642144,-1.2120516669654897,-1.2360359013450477,-1.2996749512935075,-1.2925267853482891,-1.2665191321681526,-1.2690829518414795,-1.2768539310218863,-1.2871543100587326,-1.2536274167979657,-1.2761164500463087,-1.2496370026760708,-1.181749539033163,-1.0581064009460466,-1.115796576893488,-1.0405951628977261,-1.0539445835014005,-0.9458913645507607,-0.955181694037134,-0.8207513677043563,-0.6967011282186233,-0.6038318931636928,-0.5935875990727508,-0.22164559702755549,-0.21820167766246312,0.028004877122280725,0.1965731611497441,0.33999620077111414,0.47322263139015686,0.5723452775928308,0.6886980237309941,0.81342958458014,0.8214561763843435,0.8382843755059333,0.818344831729287,0.8882275801379866,0.9845088266732871,1.0633640586135789,1.1533205110938036,1.266211770498138,1.360695616605852,1.4458705102734053,1.532096186007688,1.6420361978148588,1.7499074895350417,1.7517261090837044,1.8982303005376164,1.9609956159781172,2.0904494461967573,2.2356298469715714,2.3317201941610093,2.4146877249654914,2.529583598209046,2.665772661303267,2.8231031628999688,2.929085677468883,3.0701405599167737,3.172470094851545,3.3077358409088364,3.3988060402929134,3.5673078252915067,3.6354305823823285,3.821456833225063,3.894263012797141,4.039955964540157,4.113723083274384,4.150586503543166,4.212772134438458,4.243870242616582,4.290899709824934,1.8499714244666063,0.5793407477410655,W,"(-0.001, 2.235]"
1751,0.18417498920030884,0.1736562223800613,0.10673725380408428,-0.15426574460429965,-0.28014382905044233,-0.3169337949661184,-0.456265688007087,-0.44089596443419765,-0.40860236042247244,-0.5451263688211858,-0.7078877072143124,-0.8271281913876196,-0.8865650835035908,-1.013984837890069,-1.1636374648911287,-1.2761694254928981,-1.4445681095184186,-1.537091274735725,-1.6253653261334309,-1.8177312992327996,-2.000907330837764,-2.2288876712582635,-2.3702330249127215,-2.4744581412245585,-2.5342854273165267,-2.744995028439293,-2.945144074789889,-3.172652320361234,-3.327629487415458,-3.5672252568760303,-3.7486486382088025,-3.938220224139995,-4.136530107707142,-4.292016990263355,-4.565508244547371,-4.689620501649376,-4.882654958895072,-4.990243395850129,-5.223902338697196,-5.339168954179663,-5.50082125479046,-5.645249296866535,-5.67030254755337,-5.577837047249807,-5.5188193200011915,-5.4957434913203,-5.479841769545479,0.273948892506128,0.25277363804219855,0.3970552036430455,0.4981530446044573,0.6961683483048775,0.7413127402315336,0.7932339236877417,0.8486738302653749,0.8667831071608005,0.8406372071307397,0.7543440613867407,0.7022378545938932,0.7077015860169946,0.6983390938165761,0.7328575303643907,0.7491332407203761,0.742354714132782,0.7067055447827668,0.7291674388697893,0.6896618747744339,0.6490807627798776,0.5888868913256542,0.5250049364338003,0.5281450886703927,0.4692952938562396,0.4261663292048752,0.42979488706216706,0.2993571469363525,0.20448961807795563,0.07001701969709417,-0.037941051140856885,-0.0977818481600976,-0.22929985105004924,-0.3137626331164318,-0.3934048617660344,-0.4911496595764717,-0.6051109479913159,-0.6581485741198865,-0.7853362588727086,-0.8739178862082961,-0.9988747141521563,-1.0027864264391302,-0.9915076393427609,-1.030504743104924,-1.0968513877816966,-1.029497482066203,-0.9535228282166268,0.9085891957310306,0.25469044918543227,W,"(-0.001, 2.235]"
1755,0.6017509963653502,0.5740833682971846,0.4527000653659412,0.18603747335560517,0.028250530617723868,-0.034252012943477794,-0.1973971486591921,-0.22369091055363022,-0.27538445663712086,-0.41767583593300284,-0.5851411022298416,-0.7340941140270658,-0.8445284229912771,-0.9777809987729746,-1.1088704347614575,-1.204769123798184,-1.3648818443833592,-1.4254310471829177,-1.5037336950436968,-1.6561606919289327,-1.7804633368314828,-1.9613429450524702,-2.0955331989845387,-2.144701428794371,-2.1700327402223083,-2.2864919498412863,-2.3835441409129317,-2.525582010714974,-2.5581477813822575,-2.6264868320686148,-2.681583996936535,-2.7457954938196565,-2.7719529733598014,-2.7612389049838635,-2.835055834737507,-2.8176239349601158,-2.802828870287284,-2.7803709503762235,-2.8355602472751267,-2.789422955207937,-2.8294011652887496,-2.7919879012802653,-2.769396516472738,-2.643080975692844,-2.5329548572690745,-2.4710764219570835,-2.4635737071294423,-0.37558508730253726,-0.39853077552709903,-0.2962408849754681,-0.23942316703956967,-0.14058494432890845,-0.09499125085127602,-0.09041972895547001,-0.06911331948318411,-0.06454235561737232,-0.13543725017165542,-0.22910748452849017,-0.3100509902046875,-0.34425038579533407,-0.37847388606827037,-0.3410700075148867,-0.3416271081182489,-0.3567285557978783,-0.35712636476512527,-0.3175913673627586,-0.3333947840632061,-0.30522973657746055,-0.3023784133315748,-0.3395710670612253,-0.30080507524397637,-0.3218618186572657,-0.30042612778338196,-0.21251763486148612,-0.21508516501820862,-0.23826871705908514,-0.22156489397964707,-0.19764859183677075,-0.13661291294288125,-0.12969298904350746,-0.09403360541893457,-0.059556209358994305,-0.0320531681046865,-0.009789209383708641,0.05771763871009572,0.026944550275983747,0.0820922748689128,0.023609383294236785,0.11026578606441628,0.1263851076698197,0.1378629079417273,0.159218525158086,0.1807022571883503,0.25796635632410947,1.3946135345370205,0.01385199280324878,W,"(-0.001, 2.235]"
1777,-0.35629976349078696,-0.32935181621564436,-0.24177180800022668,-0.30730040159128524,-0.2973112866580392,-0.24922384174826018,-0.29925660588352354,-0.2114861900741225,-0.10022775340935297,-0.1714553024674963,-0.23450361517887064,-0.263801380690043,-0.2460825885054687,-0.31478871588324964,-0.3934235729437692,-0.4581464010841003,-0.5614925200871506,-0.607705904452347,-0.6900834970956735,-0.8153132898974169,-0.9754780904703608,-1.1853709393066225,-1.355997752268232,-1.471549437806261,-1.5517161965462583,-1.7673520050371945,-1.9923728728552703,-2.203196680104952,-2.374618245884503,-2.595280805659703,-2.758005906301099,-2.944242234499324,-3.0578144192179524,-3.1778829272171842,-3.384823970188422,-3.44043774608558,-3.5288800810480865,-3.561312420767022,-3.680944418074021,-3.7005814306992635,-3.756458195191013,-3.7940799855324787,-3.7782193572689406,-3.653811880428912,-3.5792453182440616,-3.5716027569879243,-3.5358589234641213,0.3825533406878612,0.3570548754644318,0.5214512323006217,0.650339318439336,0.8710400412479817,0.924633045737667,0.9694240647692531,1.0308367405238168,1.0713989855046657,1.0587036615755454,0.9978559619315899,0.9262069191546183,0.9487305568578277,0.941992524330018,0.9531134428083679,0.9306341553802806,0.9024802970009165,0.8203094272035449,0.7638060955009016,0.656554529931527,0.5247507911809466,0.382817599137546,0.23680238204026516,0.16811047569666027,0.0394578692487455,-0.09214829010908732,-0.1949616070389113,-0.37028414934604115,-0.5163475834161728,-0.648337598136183,-0.766194988300613,-0.8286906295143357,-0.9301036793296431,-1.0017661707192786,-1.0461259405791,-1.0692286358717067,-1.0885210712537483,-1.0834436853910234,-1.085814480799658,-1.0387071426414312,-1.0785771461898896,-1.0144317475418707,-0.9291910714997633,-0.9313802264985411,-0.9534402040477197,-0.8811294367312783,-0.8235751743481452,1.0126383528004022,0.19331116559154293,W,"(-0.001, 2.235]"
1800,-1.4613143442444132,-1.5520360799391462,-1.5837560707921137,-1.6483303466004795,-1.764309910289045,-1.8136001885221198,-1.9928867878959293,-2.063915025524749,-2.2661569164935855,-2.36482946762174,-2.445543637002241,-2.6470959977164217,-2.820521368034833,-2.941131183091983,-2.986424234741496,-2.9678810847038877,-3.101052023855451,-3.032101628363402,-3.11798243188717,-3.118471985861066,-3.0423049956662904,-3.127189486862111,-3.3973388375590687,-3.371885493436573,-3.3657832372148233,-3.300832657890714,-3.2312515493437264,-3.1629819391911713,-2.9225978490825684,-2.5011848862134567,-2.2011161717431147,-1.9269453704233719,-1.3689443518574622,-0.8397446120318213,-0.25151870311034674,0.3206502789957444,1.115273900897276,1.6811465318564442,2.3410677005556364,3.0342848525807984,3.5100847573754157,4.264657110585964,4.51662135859881,4.845820356639805,5.211930006920397,5.406688595872463,5.44730542847265,0.2064240749247177,0.15215339246288906,0.2821270616358871,0.31877339832898777,0.2582858911010182,0.4232002489068676,0.3585778924689884,0.3716187635636725,0.4661961789192035,0.3107799090336347,0.24070697072676817,0.002644609324006897,-0.07173095467358159,-0.11723301121920171,-0.09966066373751481,-0.13231441901385788,-0.15153920422456224,-0.1011552183056903,-0.10260150037028337,-0.15294091294033496,-0.020449252807645646,0.06426728215693256,-0.044814293356940205,0.04822244318189073,0.015729854327453108,0.12243689969112292,0.2544834701807517,0.5675808718351112,0.6878700902782122,1.235275862385946,1.662065097060438,2.1380062745272603,2.6220408426703035,3.0947943108260065,3.6023926305315315,4.189609212144045,4.83074698877742,5.4752597866052515,6.02460012440552,6.817505108745969,7.181714662962076,7.723381417746612,7.934511457674472,8.156705091477445,8.559670260136812,8.464195607880661,8.588610720181297,1.660714800319922,0.20522346773185274,W,"(-0.001, 2.235]"
1808,2.400532126217505,2.307631101189024,1.876100263043273,1.3156466821645632,0.9838524242540458,0.82643748887459,0.5387277498574914,0.4267145549230582,0.2625902305436094,0.02339561016966396,-0.28205966800041615,-0.6048982960311866,-0.8581050801020558,-1.1026032787612614,-1.3657256960333983,-1.5722438420031883,-1.9019283587557938,-2.0933004488127063,-2.2475364362185983,-2.5624406179131975,-2.8028421117748508,-3.1356216256156184,-3.355392376749606,-3.4823479273824374,-3.5618560465137206,-3.7981874641987012,-4.0135961702171326,-4.286622381434249,-4.417993307181793,-4.61896525903402,-4.7811939629006766,-4.938821948704279,-5.13921229229311,-5.21464224847172,-5.427248555942348,-5.5263288130943735,-5.667698656001665,-5.733873451886074,-5.927559355003697,-5.983720115223886,-6.126376522793929,-6.2656062632581015,-6.260991069277989,-6.157722585428936,-6.0143281350791655,-5.941236386128309,-5.936187829255625,0.7200607421038252,0.6678283896115884,0.7726935315419168,0.7986613164954481,0.904928017142792,1.0196504770065506,1.0599786449507955,1.0872915217252905,1.0949905388156829,1.0052210765675746,0.8365653338831596,0.7123946176667015,0.6468648426517953,0.5986768115185614,0.6224973336873005,0.6661224529640619,0.7258377162645018,0.7433536304261774,0.874584090193748,0.8926138023852097,1.0140520112635572,1.093134934989537,1.1018871138742163,1.265192711107312,1.2892425897040012,1.4092441307691137,1.5979479940621413,1.6822258712108742,1.6893493628277116,1.770882307005845,1.8403881908051964,1.9699419358627053,2.011859564360983,2.139511631047008,2.2529653213045044,2.292765017965745,2.3486485037898954,2.5173746521193294,2.6009623571973064,2.6647191018651144,2.648903097069441,2.7380790127968124,2.7880645348597666,2.7491145124214853,2.8328379105637573,2.8929455424227957,3.0384968636990517,1.7278357274612484,0.27257083392858505,W,"(-0.001, 2.235]"
1813,-0.6035790785150619,-0.5728174614332682,-0.1717261511784196,-0.01954822841208248,0.08562173473238666,0.17155579866237058,0.19803647412957126,0.3174893775600731,0.4376379382225162,0.43219376012284094,0.47464086782331716,0.5695724172064667,0.660422042201172,0.6754728933078189,0.7331223363841488,0.7988523738877857,0.8425214963717647,0.9345520301321546,0.9630520107264022,1.0278261947443195,1.0612106806435966,1.06719321067248,1.0292390833811362,1.0717187837036244,1.1031989054146463,1.1146817223612295,1.154496548552192,1.1856133117449943,1.2591591447692538,1.3482205433536034,1.4265708302675932,1.4813792612954293,1.6881712787375136,1.798868079405226,1.9099293788048026,2.1116697118302517,2.3303033560181596,2.4432613932583216,2.615137706949797,2.7987542790827034,2.9062788882424577,3.1539634603093205,3.23204710570457,3.379076249414556,3.434166011449733,3.462329143840317,3.474734138308434,0.47502597456708706,0.49504424073820985,0.6075860521237906,0.7119941490141173,0.8216818578696645,0.7898272847533825,0.7591921563778108,0.781799379320149,0.7789162783740577,0.7465074430069567,0.7386253205405078,0.6862554977249986,0.6747763123780919,0.6335485264575675,0.6688086322867908,0.5917488150086818,0.4334329868277438,0.3709000220523846,0.2576024402610213,0.14655262887199916,0.008909051239894605,-0.1456413134309451,-0.282149016277788,-0.4695508380251301,-0.6064034541026406,-0.7706997054965368,-0.905628756656542,-1.0834518029442228,-1.2049407470875377,-1.2977887437468771,-1.389749252116479,-1.4727820996694052,-1.5654538888238179,-1.7149565609099096,-1.8098957435050655,-1.8354007447793328,-1.872364352033848,-1.968844130890171,-2.1669846633381513,-2.1678573274011237,-2.297020622220882,-2.250334402364585,-2.2914394060946455,-2.2345007989165686,-2.3146525419664297,-2.3785928833910934,-2.369810311949495,1.9381747600348564,0.3627921913806895,W,"(-0.001, 2.235]"
1875,-1.184986722335009,-1.2097285468675505,-0.9224701439969358,-0.8422257980970382,-0.7384830584735056,-0.6282061349483916,-0.620153708883648,-0.4776210333389477,-0.3532891152726183,-0.40790502380011606,-0.370192128066547,-0.3062745899123174,-0.25280643087241383,-0.3192115037104406,-0.30091505693847864,-0.29967160567720974,-0.3705278662082412,-0.35804638248604537,-0.45596160166978184,-0.46694744514864706,-0.5558454007669607,-0.7431999119520487,-0.9998034380783967,-1.0892791635403798,-1.1875967323901486,-1.3595122838735367,-1.5379326043536707,-1.6443878169726958,-1.7068242820319943,-1.7221326583518728,-1.715786916437196,-1.7588991370490756,-1.4993982242033157,-1.3628449237720845,-1.2221920543914306,-0.9377952530309113,-0.5939213266323531,-0.3814075288367178,-0.043858350840916493,0.3006906526890969,0.5626284664091141,0.9292050302239971,1.1079579962754709,1.3469782527609455,1.5130802524476854,1.5336232932187075,1.599186486936154,0.890267261011517,0.8471857654947499,0.953429085206126,1.0424840401335749,1.1983321882332159,1.2214994795515823,1.1625490067275737,1.1693622110086075,1.1862000142939957,1.1131935386013256,1.0425320806914002,0.8666360194760383,0.8353514991280289,0.745354355854623,0.7095465624048671,0.5657323659113018,0.385337787187193,0.20793821044223026,-0.006417077307415475,-0.27662109173423266,-0.5467985378404032,-0.8432376066883611,-1.1402548764767668,-1.3929534011467042,-1.6760941474072877,-1.9794144706281487,-2.264896684732552,-2.4830804602232637,-2.71429425878909,-2.7375800831867085,-2.8201413381275806,-2.8346634332157357,-2.830211073113359,-2.8575800068497594,-2.7810065814071736,-2.616913306320311,-2.3916831218270516,-2.2405014821056173,-2.057322798992486,-1.723064164040994,-1.6479858168099928,-1.4014436503175354,-1.2447840623153628,-1.1320412993308815,-1.035671652787356,-1.043310771789161,-0.9827574314932117,0.645100674847348,0.1764269700100609,W,"(-0.001, 2.235]"
1888,-0.24670361546566877,-0.22197790076421775,-0.13850441549487336,-0.3220094744973965,-0.478071667188841,-0.5542825232060729,-0.6757603180453122,-0.7015237958728449,-0.7395775029597136,-0.8506798623214209,-0.9878506449480842,-1.00945987482275,-1.0417029682049064,-1.1081195544095284,-1.1418467706261444,-1.142348930181602,-1.1245099366123368,-1.0426069766121833,-0.9877695121187946,-0.9786296194110831,-0.9261178607692564,-0.8562273170449348,-0.7474422680085446,-0.6052126959347737,-0.46921516761237836,-0.32485778001991505,-0.10720055883964896,-0.020948121966140043,0.20024349830807076,0.37652026713015907,0.5110620457225359,0.643406218854178,0.8001761667356826,0.9354302918172568,1.015562423499098,1.123575263945506,1.230048488609853,1.258519092521034,1.2437955290533207,1.2926053072119332,1.2206421335099638,1.3720036252003762,1.3408987117201265,1.4349804549365732,1.4462054315928414,1.517343299702512,1.474424101803188,-3.0276574503244906,-2.9801803482789078,-2.966927509460761,-2.9487559354674846,-2.96001239652038,-3.084334346416221,-3.1536320692485775,-3.179175867172781,-3.2601637255423594,-3.340719468133466,-3.3604358427281236,-3.309424601677657,-3.334804439106472,-3.3647161358415674,-3.2404930294936527,-3.2497303360155887,-3.3686968684736853,-3.2899166190573004,-3.2352894803115753,-3.1509815351132335,-3.081606709314587,-3.0309988672541497,-2.9509607550088215,-2.989617742357615,-2.9283215980372614,-2.8886044527915593,-2.719635162212543,-2.769202381055121,-2.725312801448404,-2.823949387979366,-2.849549368422897,-2.9056332805195004,-3.024119124293244,-3.189638330052354,-3.3838924008638065,-3.5564419461063674,-3.815588938420858,-4.083998601378752,-4.638030593746738,-4.921946434507794,-5.279187228059694,-5.364864395493683,-5.608103534278519,-5.579256270327045,-5.77255259365242,-5.85221880768826,-5.869751505760637,0.4285717039223442,0.16427967083679484,W,"(-0.001, 2.235]"
1892,-1.716050389376802,-1.7194006492661584,-1.4982037818081135,-1.4597375230267726,-1.4829686578480192,-1.4888797758499095,-1.5812262002711792,-1.5727383314851897,-1.585605270764944,-1.6233019926737553,-1.6713428838216702,-1.7424490173022793,-1.7562195680227903,-1.7784303130641046,-1.8024221620779555,-1.7522951892242729,-1.7751788177781078,-1.6899814917037999,-1.6712951745503366,-1.661698132726392,-1.5942157215086166,-1.5830837259464303,-1.6467188184112338,-1.599097703073201,-1.5411861950059977,-1.489008232360403,-1.4147637544758425,-1.378033698632846,-1.2518433570251526,-1.0812113304486175,-0.964450958130902,-0.8517691145953634,-0.6704402734660286,-0.5028961283490174,-0.3422527095976937,-0.12802589234705675,0.1334827151555329,0.3290451621254924,0.4852028974528766,0.7013051388709606,0.7970186543621898,1.0790279053867078,1.1447149272933475,1.3139864981841871,1.4504768657064409,1.5584668642890973,1.565783660867953,0.7753658914065638,0.7861405507772037,0.9766076568338473,1.1050934221496227,1.19509548229046,1.2707829011694218,1.301651269958807,1.376263339245717,1.4529136224599577,1.418546718404201,1.418878946041527,1.3560593560739977,1.3649303373878505,1.3909618112485294,1.4594621386608506,1.4902872400313432,1.4661758604076347,1.524124047937601,1.5470606011714847,1.5663616719623101,1.636755136621318,1.6828361919542751,1.6487983798757657,1.6763877473124524,1.6758610710548105,1.7327594101917259,1.7953825095512321,1.841543836781717,1.885361751410043,2.0115773006561204,2.1199810686599423,2.2408152368682357,2.3188460377915474,2.3834694459525085,2.4575949859210233,2.580413452262831,2.670672628308076,2.7841379985441215,2.735525414099879,2.8857837496697107,2.88660699744353,3.0356528535616816,3.035110789322221,3.1037316813829663,3.1344475013459157,3.0738032493332126,3.1314902121974413,2.014065504545695,0.4835635292936722,W,"(-0.001, 2.235]"
2158,-0.4889759028673444,-0.5172612199487059,-0.15217240947329724,-0.15121300349705624,-0.05484678274774257,0.05325107894533598,0.08166033290157326,0.26174960128100366,0.4734972997074589,0.3890132851989794,0.40611316376558726,0.5460413014279517,0.6546390148441761,0.5801960659160592,0.5909611835704531,0.5651728867872468,0.5001130692674343,0.4701482917099451,0.3952778810941444,0.3569370665477489,0.20738611933042783,0.01235721644979737,-0.15522046421884284,-0.24435940124029187,-0.3401713350761284,-0.5629716933073272,-0.7654752512925889,-0.9136784994538285,-1.0486593047688588,-1.2350150993742357,-1.3415839441247446,-1.491641471135912,-1.4104808971501823,-1.4682337118897157,-1.5639708878541763,-1.4538307240983404,-1.3995205682776533,-1.4310259656525677,-1.3329759478396506,-1.2421006751623365,-1.1796448284809467,-1.076851147577166,-0.9739233905458127,-0.82071550645398,-0.7931617794625447,-0.8433307168668067,-0.7958651957510581,1.02426299938765,1.006408943944558,1.060804202115145,1.1400158352731644,1.3529359840223039,1.2633865974725857,1.1944473249279173,1.1784945707344763,1.1139635199246714,1.065283479000819,0.9814850106533157,0.8715278484895155,0.8319188413432301,0.7056808764439539,0.6746746691441166,0.5010973616334153,0.22525806789895775,-0.012341076447789145,-0.2627916256854581,-0.5681163909814795,-0.9465360908227471,-1.3499050534768768,-1.644249307296478,-2.0277664866192384,-2.3595265790911015,-2.782509489199613,-3.1696806888068076,-3.6169727693940223,-3.9660430834372273,-4.292601365973563,-4.629567283963173,-4.912244375931669,-5.198452939705081,-5.53254005580095,-5.748206577945394,-5.904035070110599,-6.02450564763433,-6.241943495334764,-6.461472546246055,-6.554149277080386,-6.76174442618562,-6.7644690211444765,-6.761275474229083,-6.737051555500859,-6.878603104766127,-6.880907618945145,-6.85109082611742,0.4439135263896441,0.08606530668965684,W,"(-0.001, 2.235]"
2163,-1.000154657808693,-0.8761314065302281,-0.5595623547509856,-0.3545509129787092,-0.2559954907437305,-0.18398841345438832,-0.16321629436940377,-0.07876822476420031,0.02588907548745123,0.07376693444783644,0.0982910594793811,0.14255135570141775,0.23559461172025475,0.31046504254936114,0.34741146621923225,0.4259341615753689,0.5282960568667407,0.663454723840692,0.7383926774869147,0.7971345226491149,0.8708783390060457,0.9498746728619611,0.996891535878996,1.0642376953939499,1.1509060513086906,1.2287315111295216,1.318782592723525,1.3526794560530613,1.4313213083989433,1.5121991222892701,1.5630136033346123,1.605984036200157,1.6586845612821994,1.6954300498284454,1.6965060720561773,1.739788542973332,1.802406398571156,1.8769999592901767,1.824308802301454,1.8641285485310615,1.8331002537523844,1.9464462475626458,1.9170432482230986,2.0159725148600174,2.049928390524663,2.1067195484737162,2.098205167839356,-0.7839658251825239,-0.7427490799686809,-0.5446814830325999,-0.3828414083277951,-0.2589016705602649,-0.22992965267977938,-0.17089332142179225,-0.08308759165908519,-0.01573945083941375,0.005704822718756386,0.05857927550321884,0.09916077681602653,0.16643058780409303,0.2419170096118557,0.33679069616801716,0.3811258145980716,0.3967224477741138,0.4688752159967069,0.49697164196640653,0.5657507398420738,0.5979637220450917,0.6359809288809735,0.6368929260300673,0.6551495349649334,0.6896928570814049,0.7302871629948351,0.8040949799205195,0.7750299132619429,0.8076609491510998,0.7694240629393247,0.7860171699437171,0.7917989679342128,0.75896808425408,0.7091751403820243,0.6325459457944582,0.61014124298823,0.5197032432899213,0.44790820521285646,0.2350690865714129,0.1997562865045026,0.09897972893348861,0.1130126060667358,0.06461886619348611,0.09137498117418641,0.005453329505986204,-0.009779748057413773,-0.022990150113501695,2.097941361912167,0.5330653276436419,W,"(-0.001, 2.235]"
